GoogleMapLink,Name,Rating,Price,Type,Address,Thumbnail
https://www.google.com/maps/place/166%E5%A5%BD%E9%A3%9F%E5%BB%9A%E6%88%BF/data=!4m7!3m6!1s0x346e7b433ecf7085:0x312ebd292996b576!8m2!3d23.0762456!4d120.2795163!16s%2Fg%2F11t_t74gnw!19sChIJhXDPPkN7bjQRdrWWKSm9LjE?authuser=0&hl=zh-TW&rclk=1,166好食廚房,4.8,$200-400,食堂與定食餐廳,社內166號,https://lh3.googleusercontent.com/gps-cs-s/AG0ilSz9xun3kx9QUhFBav48TTfKjica7Pg3ARrYPBBupc1MSeK3R-3RxQ5cSPmWcp7FZas6bKSaOvIxOsWWHBh3CTOwyzGjH5icv62e2FlB6T7eR8Vtt8s11elGE_0vAYeOmlZKFnOx=w122-h92-k-no
https://www.google.com/maps/place/No+Defect+%E5%90%BE%E5%91%B7%E8%9B%8B%E9%A4%85%E5%B0%88%E9%96%80%E5%BA%97/data=!4m7!3m6!1s0x346e7b0402e135b1:0x62585ccadda8f5db!8m2!3d23.0766391!4d120.2806151!16s%2Fg%2F11vk7c0bds!19sChIJsTXhAgR7bjQR2_Wo3cpcWGI?authuser=0&hl=zh-TW&rclk=1,No Defect 吾呷蛋餅專門店,4.9,$1-200,早餐,社內148號,https://lh3.googleusercontent.com/gps-cs-s/AG0ilSxzvrQHchvV6892SySLl89wUNkRYTXyogwiGpnO_aTg7O-RB5FcAw3y6rdQV_ti2sM1iMBQcFoziwMVRjuEri7QMMk2xILkFh6i85V2bf7Vbs98gF1jj_XmFaXvqD8D9OB_5F8=w80-h106-k-no
https://www.google.com/maps/place/%E7%A7%81%E7%83%A4%E4%B8%80%E4%BA%BA%E7%87%92%E8%82%89-%E6%96%B0%E5%B8%82%E5%BA%97+-+%E5%8F%B0%E5%8D%97+%E6%96%B0%E5%B8%82+%E6%97%A5%E5%BC%8F%E7%87%92%E8%82%89%E6%8E%A8%E8%96%A6+%E5%B9%B3%E5%83%B9%E7%87%92%E8%82%89%E9%A6%96%E9%81%B8+%E5%80%8B%E4%BA%BA%E7%87%92%E8%82%89%E5%A5%BD%E8%A9%95+%E7%B6%B2%E5%8F%8B%E6%8E%A8%E8%96%A6%E9%AB%98CP%E5%80%BC+%E5%85%8D%E6%94%B6%E6%9C%8D%E5%8B%99%E8%B2%BB+%E5%BF%85%E5%90%83%E7%87%92%E8%82%89%E5%A5%97%E9%A4%90+%E7%86%B1%E9%96%80%E5%B0%8F%E9%85%8C%E7%94%9F%E5%95%A4%E9%85%92+%E4%BA%BA%E6%B0%A3+%E6%9C%8B%E5%8F%8B%E8%81%9A%E9%A4%90+%E8%A9%95%E5%83%B9+%E7%87%92%E7%83%A4%E7%BE%8E%E9%A3%9F+%E5%A5%BD%E5%90%83%E6%96%B0%E5%B8%82%E5%AE%B5%E5%A4%9C/data=!4m7!3m6!1s0x346e7b6ef211d527:0x6d99468e3d956fe3!8m2!3d23.0806484!4d120.2863225!16s%2Fg%2F11y3mw_pgz!19sChIJJ9UR8m57bjQR42-VPY5GmW0?authuser=0&hl=zh-TW&rclk=1,私烤一人燒肉-新市店 - 台南 新市 日式燒肉推薦 平價燒肉首選 個人燒肉好評 網友推薦高CP值 免收服務費 必吃燒肉套餐 熱門小酌生啤酒 人氣 朋友聚餐 評價 燒烤美食 好吃新市宵夜,4.5,$400-600,日式燒肉,富安路607號,https://lh3.googleusercontent.com/gps-cs-s/AG0ilSw45gELTLb5LenDRbcJ9UdawKTNlGYjX-gvxij8DVLT87xluiPZ5Cp9LxBXZ4Er8YsL3qkDb1bASTu7tvOVLpBDu_cvq9sh1kMK82t3P4G6CuTUbg-vCIvTyTDKZSdtMq20uqvI=w122-h92-k-no
https://www.google.com/maps/place/%E8%92%94%E6%9F%92%E9%90%B5%E6%9D%BF%E7%87%92%EF%BC%88%E4%B8%8D%E6%8E%A5%E5%8F%97AutoReserve%E8%A8%82%E4%BD%8D%EF%BC%8C%E9%9C%80%E8%A8%82%E4%BD%8D%E8%AB%8B%E7%A7%81%E8%A8%8Afb%2FIG%29/data=!4m7!3m6!1s0x346e7b08c86af057:0xed06ee0bb1883859!8m2!3d23.0740985!4d120.289289!16s%2Fg%2F11khdygl_h!19sChIJV_BqyAh7bjQRWTiIsQvuBu0?authuser=0&hl=zh-TW&rclk=1,蒔柒鐵板燒（不接受AutoReserve訂位，需訂位請私訊fb/IG),4.8,"$1,000-1,200",鐵板燒,銘傳街101號1樓,https://lh3.googleusercontent.com/p/AF1QipOFpeIkpCqDBPbyFy86XbB-LgJIH_w6GyIhlckP=w80-h106-k-no
https://www.google.com/maps/place/%E4%BA%94%E9%AE%AE%E7%B4%9A%E9%8D%8B%E7%89%A9%E5%B0%88%E8%B3%A3+%E5%8F%B0%E5%8D%97%E6%96%B0%E5%B8%82%E5%BA%97/data=!4m7!3m6!1s0x346e7b7e3b5bbe6b:0xc28f4bf7310ab8fa!8m2!3d23.0794122!4d120.2889744!16s%2Fg%2F11jmgpcw7n!19sChIJa75bO357bjQR-rgKMfdLj8I?authuser=0&hl=zh-TW&rclk=1,五鮮級鍋物專賣 台南新市店,4.6,$200-400,火鍋,·,https://lh3.googleusercontent.com/gps-cs-s/AG0ilSz_70poGbCx6Kc0GhRVTBl5uFop0ryedSnn_MnmGTmvG2gm6dpGoOQ-3SKVj4X2UdDGX5Tmr1Wso1gs3Wi57VBqOyFsyYIwNVQbpNuxbOf-kWwm2Ljpz9scFE0kIRxW6FG3HsjC=w163-h92-k-no
https://www.google.com/maps/place/%E7%A4%BE%E5%85%A7%E6%97%A9%E9%A4%90%E5%BA%97/data=!4m7!3m6!1s0x346e7b9717edb7cf:0x35d57d74f6933918!8m2!3d23.0755852!4d120.2805109!16s%2Fg%2F11k53rttv7!19sChIJz7ftF5d7bjQRGDmT9nR91TU?authuser=0&hl=zh-TW&rclk=1,社內早餐店,5,,早餐,社內產業道路136號,https://lh3.googleusercontent.com/gps-cs-s/AG0ilSxidZBnSQaunIG6tpcqFiP-9CT-mhzSVDxoNDqW3kWXXdWZqqRcYgjNzVAJeh8IFC369vYKgZPp9wW6fn5XtBe4xHosm6EppQ430aatIHaJFAMa7Jyzb1y7CcyGy9blTkibsAVI=w92-h92-k-no
https://www.google.com/maps/place/KALUWA%E6%B3%B0%E5%BC%8F%E9%9F%B3%E6%A8%82%E9%A4%90%E5%BB%B3/data=!4m7!3m6!1s0x346e7a5a4f16c3df:0xff4ab39e291211c6!8m2!3d23.0778241!4d120.2898334!16s%2Fg%2F1v8g8s9m!19sChIJ38MWT1p6bjQRxhESKZ6zSv8?authuser=0&hl=zh-TW&rclk=1,KALUWA泰式音樂餐廳,4.3,$400-600,泰國菜,·,https://lh3.googleusercontent.com/gps-cs-s/AG0ilSye3YfjDvnoKQQlx1Qys9Vl4IBRvaxPFieU8yeKs1KlmJFL0XWLmaiTRuRD7olDaMdM5AwHHmgEqN1lW6YnuX-kDKqZvLvms4tJ987nHJp7nUDvk52wzEQ42w9zyKqFJDa18MWMFA=w122-h92-k-no
https://www.google.com/maps/place/%E6%97%A5%E6%97%A5%E5%A4%9C%E5%AE%B5%28%E6%96%B0%E5%B8%82%E5%8D%97%E7%A7%91%E5%BA%97%29%2F%E6%97%A9%E4%B8%8A%E4%B8%AD%E5%8D%88%E6%8E%A5%E5%8F%97%E5%89%8D%E4%B8%80%E5%A4%A9%E9%A0%90%E8%A8%82%E5%96%AE/data=!4m7!3m6!1s0x346e7befc9e36e6d:0xc16678083b9e23c2!8m2!3d23.0785301!4d120.2919051!16s%2Fg%2F11xknh6ws_!19sChIJbW7jye97bjQRwiOeOwh4ZsE?authuser=0&hl=zh-TW&rclk=1,日日夜宵(新市南科店)/早上中午接受前一天預訂單,4.6,$1-200,餐廳,中正路237-7-1號,https://lh3.googleusercontent.com/gps-proxy/ALd4DhFExmxjEvCLM4VAMf9NtqAz9Xn_5tamO4w_Ct5gDfmSuTM4C6XzFhnHQ1cxHT8mboF3iVuFKew_5SMqUU3SFPI-EJH8NfDzQ3cdMvgT13MMruSY4Eii5-RnLQ7klMqUu0oVvUyG0sRoBH0WFiSuc9OZW9hUVczTEPb_K6tcbd2DhLmZdmYb8Aw7Cg=w125-h92-k-no
https://www.google.com/maps/place/%E5%8F%A4%E6%97%A9%E5%91%B3%E9%A4%90%E9%A3%B2%E5%BA%97/data=!4m7!3m6!1s0x346e7a59ea24a181:0xcbca0ea54668da94!8m2!3d23.0781957!4d120.2929953!16s%2Fg%2F11dxlcf4wm!19sChIJgaEk6ll6bjQRlNpoRqUOyss?authuser=0&hl=zh-TW&rclk=1,古早味餐飲店,4.2,$1-200,餐廳,中興街102號,https://lh3.googleusercontent.com/gps-cs-s/AG0ilSzE7edQHo1dniCf0Q2YF-yJjmHX-P61qN5t1_WKdo6K794r8D2AzqJl86wALYVrEW_GZnnfBqyRG2lkinmmbIPuzZq-hoJYAXrVIsv7UYJZ6w4PjqcZOiSW6YqGoUFUSlFOK3Hw=w122-h92-k-no
https://www.google.com/maps/place/%E9%87%91%E8%8A%B1%E9%BB%9E%E5%BF%83%E6%94%A4%E6%96%B0%E5%B8%82%E5%BA%97/data=!4m7!3m6!1s0x346e7a45450658f9:0xb299f85ec89ab15d!8m2!3d23.0792917!4d120.2849907!16s%2Fg%2F11c329w7zg!19sChIJ-VgGRUV6bjQRXbGayF74mbI?authuser=0&hl=zh-TW&rclk=1,金花點心攤新市店,4.5,$1-200,餐廳,富安一街59號,https://lh3.googleusercontent.com/gps-cs-s/AG0ilSx0DVCK_XywL0uEd4jlKvYGYpO-F62J_FjjrzpdEbISd0NsC5Wh_7EwFgmRJjSl7J96oLHFcx_ZgBM9JITJ8pp6urIZUOTwqUtcxEpdQed1MQ67B0MEpl90yDPcSPC9vIjwt6dR=w127-h92-k-no
https://www.google.com/maps/place/%E5%B0%8F%E5%85%94%E4%BE%86%E4%BA%86%E9%A4%90%E5%BB%B3-%E6%96%B0%E5%B8%82%E7%B8%BD%E5%BA%97/data=!4m7!3m6!1s0x346e7bc4dde30523:0x977edab0306a49ed!8m2!3d23.0775758!4d120.2878336!16s%2Fg%2F11smr1y92z!19sChIJIwXj3cR7bjQR7UlqMLDafpc?authuser=0&hl=zh-TW&rclk=1,小兔來了餐廳-新市總店,4.8,$1-200,餐廳,社內1-7號,https://lh3.googleusercontent.com/gps-cs-s/AG0ilSzUWnUiXAb-DW0-Zx8Cxn8ePkx6lbES0XCWeRJZDRMNf3ruHEbBLBjc1gqOygib4E9TFYD18NTI5PDBbU7mBUlPjp-nXDG_ky8euqKkVMp42zvUheHIo8kuW5kZlJXG-sjcngyl=w80-h106-k-no
https://www.google.com/maps/place/%E8%B1%AC%E8%91%A3%E6%B2%99%E8%8C%B6%E7%88%90-%E6%96%B0%E5%B8%82%E7%B8%BD%E5%BA%97+President+Hot+Pot+Xinshi+NO.1/data=!4m7!3m6!1s0x346e7b0040fbd511:0xa8e17cc4fafc6ce7!8m2!3d23.0710732!4d120.2919252!16s%2Fg%2F11hzwyyk_5!19sChIJEdX7QAB7bjQR52z8-sR84ag?authuser=0&hl=zh-TW&rclk=1,豬董沙茶爐-新市總店 President Hot Pot Xinshi NO.1,4.4,$400-600,火鍋,中正路29-1號,https://lh3.googleusercontent.com/gps-cs-s/AG0ilSx7ckDJkCk81ByRYqAzAvwfGdJvom2RO_buhbWgBunw_hFjtn_cvoAl-kk2H67Wv3bV7JfScRLApCV0NrCYhWoB8GsrJIkdm4Zp-SfRQY8PRd9HQ2HsWT25uKxRQ1y8q7HkzwXGX9YWG-Qg=w122-h92-k-no
https://www.google.com/maps/place/Mr.Wheat+%E5%B0%8F%E9%BA%A5%E5%85%88%E7%94%9F%E5%89%B5%E6%84%8F%E6%96%99%E7%90%86+-+%E6%96%B0%E5%B8%82%E5%89%B5%E5%A7%8B%E5%BA%97/data=!4m7!3m6!1s0x346e7a5988fb6879:0x5cbb430b9ff5149!8m2!3d23.0804291!4d120.2905133!16s%2Fg%2F1thl352f!19sChIJeWj7iFl6bjQRSVH_uTC0ywU?authuser=0&hl=zh-TW&rclk=1,Mr.Wheat 小麥先生創意料理 - 新市創始店,4.6,$200-400,餐廳,富林路352號,https://lh3.googleusercontent.com/p/AF1QipPBtPUHgqOhb2qvrgjp6-OmqRrCdsnbDD1J8yaM=w138-h92-k-no
https://www.google.com/maps/place/%E5%A7%91%E5%A9%86%E9%BA%B5/data=!4m7!3m6!1s0x346e7a59b7dc0fe5:0xfbcb65b7b68d3a4b!8m2!3d23.0772759!4d120.2939672!16s%2Fg%2F11h1rbrcx!19sChIJ5Q_ct1l6bjQRSzqNtrdly_s?authuser=0&hl=zh-TW&rclk=1,姑婆麵,4.3,$1-200,麵店,·,https://lh3.googleusercontent.com/gps-cs-s/AG0ilSzlWzxGH1b63zO0p8bEZ0GUOja3LGC3whfJUKOnaEginKvfoJqnKDPJ_fxeHPBiVrddEiUBvivXsl2S7DgMTSr-iAJmz8SL04vTkKM4SJCmcr9XXjb7BGBVeDLHnBQBsO2AfqtMog=w122-h92-k-no
https://www.google.com/maps/place/YO%E7%BE%A9%E6%80%9D-%E6%96%B0%E5%B8%82%E5%BA%97%EF%BC%88%E9%A0%90%E6%9C%9F11%2F1-11%2F16%E5%85%A7%E9%83%A8%E6%95%B4%E4%BF%AE%E4%B8%AD%EF%BC%89/data=!4m7!3m6!1s0x346e7b24b78dc27d:0x49f0eaaadbc9cc97!8m2!3d23.0773722!4d120.287913!16s%2Fg%2F11p06p5q6h!19sChIJfcKNtyR7bjQRl8zJ26rq8Ek?authuser=0&hl=zh-TW&rclk=1,YO義思-新市店（預期11/1-11/16內部整修中）,4.6,$200-400,意大利菜,社內2之4號,https://lh3.googleusercontent.com/gps-cs-s/AG0ilSyCGz_TCu1JA99DHHIJnd-1JX868u8MDlj9lLQLKlGU0oSlX1e6nK971sbspGXG4K-SkLId52ceGny2iLRIDk2UQUiNBNInZzaHdHJ34RvNJqLfz_Lo6XYZSmOqGyF6xUYtQ08=w80-h106-k-no
https://www.google.com/maps/place/%E6%97%A5%E8%8C%B6DayTea%E6%96%B0%E5%B8%82%E5%BA%97%EF%BC%882F+%E5%8F%AF%E5%85%A7%E7%94%A8%EF%BC%89%2F%E6%97%A9%E4%B8%8A%E4%B8%AD%E5%8D%88%E6%8E%A5%E5%8F%97%E5%89%8D%E4%B8%80%E5%A4%A9%E9%A0%90%E8%A8%82%E5%96%AE/data=!4m7!3m6!1s0x346e7be497d8cd49:0xa953953566ac5ed3!8m2!3d23.0785301!4d120.2919051!16s%2Fg%2F11s1bjlh95!19sChIJSc3Yl-R7bjQR016sZjWVU6k?authuser=0&hl=zh-TW&rclk=1,日茶DayTea新市店（2F 可內用）/早上中午接受前一天預訂單,4.8,$1-200,冰品飲料店,中正路237-7號,https://lh3.googleusercontent.com/gps-cs-s/AG0ilSyKHCmKrCoty8T4vnsMMflqQiKxMU6sLeMc2k0rUvLN_DoAeuTB2wL_6Ja_qM7aZjNR3a5nz7292m7qah5L4SJiYt0kqgXqtAOUk8do5_lHb1ema3K8VQVgQJo3adu8eKeYtyHcvA=w122-h92-k-no
https://www.google.com/maps/place/%E8%B5%A4%E5%B3%B0%E9%90%B5%E6%9D%BF%E7%87%92+%E6%96%B0%E5%B8%82%E5%BA%97/data=!4m7!3m6!1s0x346e7b8ad23738ef:0xd6cda3d153b884c0!8m2!3d23.0820237!4d120.2952514!16s%2Fg%2F11q82sjjfx!19sChIJ7zg30op7bjQRwIS4U9GjzdY?authuser=0&hl=zh-TW&rclk=1,赤峰鐵板燒 新市店,4.4,$200-400,鐵板燒,復興路83號,https://lh3.googleusercontent.com/gps-cs-s/AG0ilSxCBxmqgVSpaO5-CAvMQuoQaA09BWpfShDOj2N7tFAZQPh0GE46-W1q0Kx5HzIrJZ7buaxEnRL56J4CNoKMnZrbhETfiX2GqIOHZVoheRzWtr2ENTbwrLIoznHlgGqXS9fSfyrCAw=w80-h106-k-no
https://www.google.com/maps/place/Room+130+%E7%BE%8E%E5%BC%8F%E9%A4%90%E9%85%92%E9%A4%A8%EF%BC%88%E7%90%83%E8%B3%BD%E8%BD%89%E6%92%AD%E3%80%81%E6%8F%90%E4%BE%9B%E5%8C%85%E5%A0%B4%EF%BC%89/data=!4m7!3m6!1s0x346e7a585fc0581d:0xefc4865edeeedfee!8m2!3d23.0761224!4d120.29581!16s%2Fg%2F11c0py_st1!19sChIJHVjAX1h6bjQR7t_u3l6GxO8?authuser=0&hl=zh-TW&rclk=1,Room 130 美式餐酒館（球賽轉播、提供包場）,4.4,$200-400,酒吧,光華街105-2號,https://lh3.googleusercontent.com/gps-cs-s/AG0ilSwp99krZb8SQUmSN8NZKJuuaIDi1s08k-9XBJQx_-_iyiuprar0GY7RE2tix-a4KeOzKBEpOL0HxcjII7JvPp5NaJ-3kk5fEnP7x1t1hR2xQK8b9ja0jLu_pN4uKaYiuzxSsGg1=w122-h92-k-no
https://www.google.com/maps/place/%E9%9C%B8%E7%8E%8B%E6%B5%B7%E9%AE%AE%E5%A1%94%E6%B1%95%E9%A0%AD%E6%B2%99%E8%8C%B6%E7%88%90/data=!4m7!3m6!1s0x346e7bc73394dbcb:0x480a16aab523ae15!8m2!3d23.0795284!4d120.2888542!16s%2Fg%2F11h3pn6qyf!19sChIJy9uUM8d7bjQRFa4jtaoWCkg?authuser=0&hl=zh-TW&rclk=1,霸王海鮮塔汕頭沙茶爐,4.5,$400-600,海鮮,民生路93號,https://lh3.googleusercontent.com/gps-cs-s/AG0ilSzYQX2r5CjfgmnVeoJ3a7bPfZe7MRwczthwxoyFktNfLvMnOdutSDxJUHNoslzYO7Qd4FiaAgxx2GAePA5tlp3LNg7JlmB3zjW8SNrlpj7qIZR2ONxbLGS8RDkFlX0V4lT5gMd7PQ=w138-h92-k-no
https://www.google.com/maps/place/%E6%97%BA%E8%A7%92%E5%B1%85%E9%85%92%E5%B1%8B+%E7%86%B1%E7%82%92+%E5%95%A4%E9%85%92%E5%B1%8B/data=!4m7!3m6!1s0x346e7b113375c66b:0x4442f3971690950f!8m2!3d23.0709423!4d120.289068!16s%2Fg%2F11rcdf4rjy!19sChIJa8Z1MxF7bjQRD5WQFpfzQkQ?authuser=0&hl=zh-TW&rclk=1,旺角居酒屋 熱炒 啤酒屋,4.3,$400-600,現代居酒屋,·,https://lh3.googleusercontent.com/p/AF1QipPi6ROm1mrH4EBYmmNmWIhuD1GwCU4fDCce77GV=w122-h92-k-no
https://www.google.com/maps/place/%E6%9F%92%E6%A8%93%E9%A4%90%E5%BB%9A%E7%A9%BA%E9%96%93%EF%BC%88%E9%A0%90%E7%B4%84%E7%94%A8%E9%A4%90%EF%BC%89/data=!4m7!3m6!1s0x346e7bc5b31afc79:0xce831a512a2aea83!8m2!3d23.0799093!4d120.2929949!16s%2Fg%2F11svrr30h3!19sChIJefwas8V7bjQRg-oqKlEag84?authuser=0&hl=zh-TW&rclk=1,柒樓餐廚空間（預約用餐）,5,$200-400,早午餐,中正路301巷17號7樓,https://lh3.googleusercontent.com/gps-cs-s/AG0ilSzBAUzb3MXc41ggDyX1MKCE8hyZaCNfcxEh6F4o7wxLPD_sOodN1H3Je6RfGhLxTZ1YERDQTKCU8O6Mr4NIq9NmnipgxEL5H1k9PeAss7PwGdXRnKbLleoEfPqgcbhxe6PSPI9eeQ=w138-h92-k-no
https://www.google.com/maps/place/%E5%B0%8F%E6%9D%B1%E9%96%80%E5%92%96%E5%93%A9-%E5%8F%B0%E5%8D%97%E6%96%B0%E5%B8%82%E5%BA%97/data=!4m7!3m6!1s0x346e7bd26229804d:0xb8eec403105b5017!8m2!3d23.0739348!4d120.2930604!16s%2Fg%2F11rttdk0c9!19sChIJTYApYtJ7bjQRF1BbEAPE7rg?authuser=0&hl=zh-TW&rclk=1,小東門咖哩-台南新市店,4.7,$1-200,日式咖哩,仁愛街147號,https://lh3.googleusercontent.com/gps-cs-s/AG0ilSz4JbEpfROR11mbczul3wT0em-utaGCnUaDdFeCXyDjMBE1rEIdb3kNDgOQUkUSPunPS0e0nLP1vYd7ouyH5Fri--MOH7XAUMO5zxLuc56FSzCeEz5BO9aYodfnqYEGLjhNUHZN=w122-h92-k-no
https://www.google.com/maps/place/%E8%97%9D%E9%8D%8B%E7%89%A9-%E6%96%B0%E5%B8%82%E5%BA%97/data=!4m7!3m6!1s0x346e7a5c209ae42d:0xb0259817c6699878!8m2!3d23.0727101!4d120.2914443!16s%2Fg%2F1pzqyhrs0!19sChIJLeSaIFx6bjQReJhpxheYJbA?authuser=0&hl=zh-TW&rclk=1,藝鍋物-新市店,4.3,$1-200,餐廳,富強路6號,https://lh3.googleusercontent.com/gps-cs-s/AG0ilSzp3Zp5M3j4ZnkeJN4wEXswodHjE86A_QawQM5kmZt7N4AjZ8gcOxZCyq9g7MIZIujom1LPDBeqeZY-cGsw2w0rLwwgmr3GDfrBFxkBHL5mtLZLej6cO5IKWlBy3MPVadHM-_ah=w122-h92-k-no
https://www.google.com/maps/place/%E5%B8%95%E7%89%B9%E9%87%8C%E5%A4%8F%E7%BE%A9%E5%A4%A7%E5%88%A9%E9%BA%B5%E9%A4%90%E5%BB%B3/data=!4m7!3m6!1s0x346e7b83b182cce1:0xf17f89d1df4e43c2!8m2!3d23.0778848!4d120.2886549!16s%2Fg%2F1pzs4d1rp!19sChIJ4cyCsYN7bjQRwkNO39GJf_E?authuser=0&hl=zh-TW&rclk=1,帕特里夏義大利麵餐廳,4.2,$200-400,意大利菜,光明街122號,https://lh3.googleusercontent.com/gps-cs-s/AG0ilSw-avnGRvFOG8hE0TuyaCAEKzrErO1rLjdgs5k5JWirRUepmxOeeAG-GTTbaKBK4DrQLhMi8gTE0JeHjgBR5CINrF5TGkUgfYBxPJL3tc1fMHgsjXoM4xh4v2ZQ1TVgZc64-s-IeQ=w122-h92-k-no
https://www.google.com/maps/place/%E6%96%B0%E5%B8%82%E4%BA%94%E5%85%A9%E5%8D%8A%E8%96%91%E6%AF%8D%E9%B4%A8/data=!4m7!3m6!1s0x346e7afbe1974f97:0x65ea530f74da0f76!8m2!3d23.0813652!4d120.3032859!16s%2Fg%2F11f6kdp5fl!19sChIJl0-X4ft6bjQRdg_adA9T6mU?authuser=0&hl=zh-TW&rclk=1,新市五兩半薑母鴨,4.7,$200-400,火鍋,台南市新市區中山路22號,https://lh3.googleusercontent.com/gps-cs-s/AG0ilSxCPQnyLLQguzzHo0eA5khT_PImdqmdchaPJQCctje5gKBtWR1Qe7c9tdkFGlbEMRa82lHrPUONN3nNc35Ez4oWYAHfhK_QJ_REcC6mEIUq_F1_YzKRUgCmk07I9Lzs_4fwvRYq=w80-h106-k-no
https://www.google.com/maps/place/%E4%BD%90%E8%B3%80%E7%89%9B%E6%8E%92/data=!4m7!3m6!1s0x346e7a5e85d02923:0x85564436bc2d7740!8m2!3d23.0718001!4d120.2922259!16s%2Fg%2F11cs01kwpc!19sChIJIynQhV56bjQRQHctvDZEVoU?authuser=0&hl=zh-TW&rclk=1,佐賀牛排,4.1,$1-200,美式扒房,·,https://lh3.googleusercontent.com/p/AF1QipPCCVkkTmOA7S2pO0XJ0BeT2zI9YmuRTDw-QFo1=w163-h92-k-no
https://www.google.com/maps/place/%E6%BD%AE%E5%91%B3%E6%B1%BA%C2%B7%E6%B9%AF%E6%BB%B7%E5%B0%88%E9%96%80%E5%BA%97+%E5%8F%B0%E5%8D%97%E6%96%B0%E5%B8%82%E5%88%86%E7%A4%BE-%E6%96%B0%E5%B8%82%E4%BA%BA%E6%B0%A3%E6%BB%B7%E5%91%B3%7C%E7%86%B1%E9%96%80%E6%BB%B7%E5%91%B3%7C%E7%89%B9%E8%89%B2%E6%BB%B7%E5%91%B3%7C%E5%B7%B7%E5%BC%84%E7%BE%8E%E9%A3%9F%7C%E5%A4%96%E5%B8%B6%E7%BE%8E%E9%A3%9F%7C%E5%BF%85%E5%90%83%E6%BB%B7%E5%91%B3%7C%E5%9C%A8%E5%9C%B0%E6%8E%A8%E8%96%A6%E6%BB%B7%E5%91%B3%7C%E5%BF%85%E5%90%83%E9%BA%BB%E8%BE%A3%E6%BB%B7%E5%91%B3/data=!4m7!3m6!1s0x346e7b7437649fd9:0x2d4ec08fff032f9e!8m2!3d23.0770053!4d120.2918559!16s%2Fg%2F11r6pc9hyw!19sChIJ2Z9kN3R7bjQRni8D_4_ATi0?authuser=0&hl=zh-TW&rclk=1,潮味決·湯滷專門店 台南新市分社-新市人氣滷味|熱門滷味|特色滷味|巷弄美食|外帶美食|必吃滷味|在地推薦滷味|必吃麻辣滷味,4.5,$1-200,中國菜,·,https://lh3.googleusercontent.com/gps-cs-s/AG0ilSx4htKKbuLNLb-LgI6t10OMtnUsaJXkJSmdl0yC-mSbH8B6ZMM81_0KemEZZMArL33ktbr-n_u0w-4-baEoeB_nN9MO5-BrO21cdttrKdVcbLovQ4Is-A3YJpJ7A0Cj66K2IfQ=w122-h92-k-no
https://www.google.com/maps/place/%E4%BA%AC%E9%87%87%E5%89%B2%E7%83%B9%E6%97%A5%E6%9C%AC%E6%96%99%E7%90%86/data=!4m7!3m6!1s0x346e7b70189e2c8f:0xc8ff50a16acca06f!8m2!3d23.074059!4d120.2893861!16s%2Fg%2F11rj4mnpv5!19sChIJjyyeGHB7bjQRb6DMaqFQ_8g?authuser=0&hl=zh-TW&rclk=1,京采割烹日本料理,4.7,"超過 $2,000",日本菜,銘傳街99號,https://lh3.googleusercontent.com/gps-cs-s/AG0ilSywVSlKgcXpU_6oIQNC7FDLsgeEhcZosq3g-01nCylJBZszS80CqvGuiXiK51eLDWEu1WegsDgNV8IDvJKQ5e4VJn9D_2Pdwbvan2guVLkttZ03_KA5bNT7Z_X8I0S5NkOBjMlueA=w122-h92-k-no
https://www.google.com/maps/place/NU+PASTA%E7%BE%A9%E5%A4%A7%E5%88%A9%E9%BA%B5+%E5%8F%B0%E5%8D%97%E6%96%B0%E5%B8%82%E5%BA%97/data=!4m7!3m6!1s0x346e7a5c0becc6b5:0x2745c7eed83dac83!8m2!3d23.074069!4d120.290396!16s%2Fg%2F11b6ryvjmm!19sChIJtcbsC1x6bjQRg6w92O7HRSc?authuser=0&hl=zh-TW&rclk=1,NU PASTA義大利麵 台南新市店,4.8,$200-400,意大利菜,銘傳街69號,https://lh3.googleusercontent.com/p/AF1QipOh18VPDP7Obn2vPgXrpB0rdnJ06X1Ze3BhgY0T=w140-h92-k-no
https://www.google.com/maps/place/%E9%89%84%E5%A4%A7%E6%AD%A3%E5%92%96%E5%93%A9%E5%B0%88%E9%96%80+%E6%96%B0%E5%B8%82%E5%BA%97/data=!4m7!3m6!1s0x346e7bafb1804539:0xac8b8065b9d43489!8m2!3d23.0782699!4d120.2898089!16s%2Fg%2F11n0p7cqch!19sChIJOUWAsa97bjQRiTTUuWWAi6w?authuser=0&hl=zh-TW&rclk=1,鉄大正咖哩專門 新市店,4.1,$200-400,日式咖哩,·,https://lh3.googleusercontent.com/p/AF1QipOtRMsWgcaToTP4l-KVzU3g3h_Jl_4qfvyjLrwf=w138-h92-k-no
https://www.google.com/maps/place/%E9%9B%99%E9%86%AC%E5%92%96%E5%93%A9+-+%E6%96%B0%E5%B8%82%E5%BA%97/data=!4m7!3m6!1s0x346e77e609728ba7:0x10f1c18b9867e3eb!8m2!3d23.0740974!4d120.2892154!16s%2Fg%2F11qrht9mg2!19sChIJp4tyCeZ3bjQR6-NnmIvB8RA?authuser=0&hl=zh-TW&rclk=1,雙醬咖哩 - 新市店,4.5,$1-200,日式咖哩,銘傳街103巷1號,https://lh3.googleusercontent.com/gps-cs-s/AG0ilSwJxpmHGHAUx-npe_3to4g0M12mXzHun8lXRwQQqBseiBnUCsq25uFpZyRsCXNtuSPLOcMVC1kIAZREWaLUqnpgpmeDdYmFnm2FZ4KqpGvD_55YJG3TMgPNfi57ObHL5QPZBEjr0w=w122-h92-k-no
https://www.google.com/maps/place/YASIF+%E4%BA%9E%E5%B8%8C%E5%BC%97%E6%8B%BF%E6%B3%A2%E9%87%8C%E7%AA%AF%E7%83%A4%E6%8A%AB%E8%96%A9%EF%BC%8811%2F8%E6%98%9F%E6%9C%9F%E5%85%AD%E4%B8%8D%E7%87%9F%E6%A5%AD/data=!4m7!3m6!1s0x346e7b03303824fb:0x2ea0a297bb0883f2!8m2!3d23.0806298!4d120.2860222!16s%2Fg%2F11rjvvdc67!19sChIJ-yQ4MAN7bjQR8oMIu5eioC4?authuser=0&hl=zh-TW&rclk=1,YASIF 亞希弗拿波里窯烤披薩（11/8星期六不營業,4.8,$200-400,披薩外帶,富安路613號,https://lh3.googleusercontent.com/gps-cs-s/AG0ilSxWj_89RmlJ9eDoDPqsipZdqJYH0Hhh7KkQxAqQzw6K0_FJKsIII6f7Gha6Y-oPoi2d58jCKWPGqNAWkk5mYliDmiQ2ShFGY9r0F1XrtYpNtZMVZSgLyiDMO7KJKKNlFboF_N_ouQ=w80-h106-k-no
https://www.google.com/maps/place/%E7%84%A1%E5%90%8D%E8%BB%92%E5%B0%8F%E7%B1%A0%E5%8C%85/data=!4m7!3m6!1s0x346e7a582bb403e1:0xd9c9eb2b8a3ba065!8m2!3d23.0787295!4d120.2948216!16s%2Fg%2F11f_1wwwjd!19sChIJ4QO0K1h6bjQRZaA7iivrydk?authuser=0&hl=zh-TW&rclk=1,無名軒小籠包,4.5,$1-200,餐廳,中興街20號號 No,https://lh3.googleusercontent.com/gps-cs-s/AG0ilSzrSXoceEFs1D9fp8cCSkwLcFIaid3HeCirGLwxBMEAKmRjcImugXrJphk5iPTC8cjPXOw6qn9aQchbfFAFhI1ELa-Qv-injQd1fEFuAmGh-n8hf3dNPCGXTX7jmBoW1p-Be2w4=w122-h92-k-no
https://www.google.com/maps/place/%E9%BC%8E%E9%A3%9F%E9%BC%8E%E7%9B%9B%E5%A4%A7%E7%9C%BE%E9%8D%8B%E7%89%A9%E6%96%99%E4%BA%AD/data=!4m7!3m6!1s0x346e7b2e7f41e4c1:0x2a6a1fbe2861e6b1!8m2!3d23.0850603!4d120.2951473!16s%2Fg%2F11gjxs1vg2!19sChIJweRBfy57bjQRseZhKL4faio?authuser=0&hl=zh-TW&rclk=1,鼎食鼎盛大眾鍋物料亭,4.1,$200-400,餐廳,復興路213號,https://lh3.googleusercontent.com/gps-cs-s/AG0ilSwZMy9nPFRHZ73O221S3hOwwD_m7UACvKocgXvtgyYtNtopKj8eQjLyDeUumLAH6EnvidKR08HnTlwjC3kWjC8HHmxlnDXS_kcH-VCFBBRpRwgW4kz-ntGnRLoYlAvTWHPN7po5=w122-h92-k-no
https://www.google.com/maps/place/%E8%80%81%E9%99%B3%E7%89%9B%E8%82%89%E9%BA%B5%E6%96%B0%E5%B8%82%E5%BA%97/data=!4m7!3m6!1s0x346e7bb02306bab9:0xf3918373960ab03d!8m2!3d23.0776087!4d120.2888508!16s%2Fg%2F11fvpzpnn_!19sChIJuboGI7B7bjQRPbAKlnODkfM?authuser=0&hl=zh-TW&rclk=1,老陳牛肉麵新市店,4.4,$1-200,中式麵食,·,https://lh3.googleusercontent.com/p/AF1QipN_NfcvFwzZmzFb5W10XhfNowepTwyJsiE6YpDt=w92-h92-k-no
https://www.google.com/maps/place/%E7%95%AA+%E5%A4%A7%E7%9C%BE%E9%85%92%E5%A0%B4/data=!4m7!3m6!1s0x346e7af8db123ed9:0x1fa70d6c0169d2ca!8m2!3d23.0813874!4d120.2985666!16s%2Fg%2F11b7yc93g2!19sChIJ2T4S2_h6bjQRytJpAWwNpx8?authuser=0&hl=zh-TW&rclk=1,番 大眾酒場,4.3,$400-600,居酒屋,民族路138號,https://lh3.googleusercontent.com/gps-cs-s/AG0ilSy-LnsbhByGmKKuWaaUvAegp9u5-R4WCwDBREno3J4zPWGx0888TbtbJwtg9iA_MtIuE5s5Tqetis-HpqT7YQU4Dub59Ij5yz6R12E3TskC3p9M-dYzw3Nert_5TrY1CEQ7JtVjMQ=w122-h92-k-no
https://www.google.com/maps/place/-One+day-/data=!4m7!3m6!1s0x346e7a435f2d97eb:0x4b1b562e83f7e7a8!8m2!3d23.0754132!4d120.2848777!16s%2Fg%2F11ckvf57b_!19sChIJ65ctX0N6bjQRqOf3gy5WG0s?authuser=0&hl=zh-TW&rclk=1,-One day-,3.9,$1-200,早餐,·,https://lh3.googleusercontent.com/gps-cs-s/AG0ilSx0iLoO584Qqe2q6QJ1x19lWMfSDNrueuT0jxm9Vgw5R62Rszwgck-HQ_Z6gDRNb0rzdbMZocQH8el0s10otxKfFBELvnamO_Cgs_BF_taH2PabuWq3AqEn66bK0lUSSRMRc5U=w122-h92-k-no
https://www.google.com/maps/place/%E6%B3%B0%E5%A6%83%E5%A8%98%E5%A8%98%E6%B3%B0%E5%BC%8F%E6%96%99%E7%90%86%E9%A4%90%E5%BB%B3-%E5%8F%B0%E5%8D%97%E7%BE%8E%E9%A3%9F-restaurants/data=!4m7!3m6!1s0x346e7b003f27ace7:0x1d961dd11479689e!8m2!3d23.0772359!4d120.2948994!16s%2Fg%2F11yj7h9cbb!19sChIJ56wnPwB7bjQRnmh5FNEdlh0?authuser=0&hl=zh-TW&rclk=1,泰妃娘娘泰式料理餐廳-台南美食-restaurants,4.9,$200-400,泰國菜,華興街28號,https://lh3.googleusercontent.com/gps-cs-s/AG0ilSzlQXJN6_O2f6eS_6RNVaGmGhXCI1GSFn2pqXBgs7KJV5e436FolqMQejYAquI7kBqwFOfEPCpywGg0zbAsYvXRZOxOAS05gz2Y9R7su-3z_0rs1-Lm-W41FCP8lrnu-476vpiyuPkHBkqz=w122-h92-k-no
https://www.google.com/maps/place/%E9%AE%A8%E6%9C%AC%E5%91%B3+%E5%8F%B0%E5%8D%97%E7%84%A1%E8%8F%9C%E5%96%AE%E6%96%99%E7%90%86+%E6%9D%BF%E5%89%8D%E5%89%B2%E7%83%B9%E6%96%99%E7%90%86+%E5%8F%B0%E5%8D%97%E5%8D%97%E7%A7%91/data=!4m7!3m6!1s0x346e7a50a3666fe5:0xbfecb0a4c51b0e43!8m2!3d23.0804654!4d120.2905253!16s%2Fg%2F11g079qd0k!19sChIJ5W9mo1B6bjQRQw4bxaSw7L8?authuser=0&hl=zh-TW&rclk=1,鮨本味 台南無菜單料理 板前割烹料理 台南南科,4.8,"超過 $2,000",正宗日式料理,·,https://lh3.googleusercontent.com/gps-cs-s/AG0ilSwdNDNFSxj-10F_GTe8n_cnCSq8h-OIPkFPH_6d_hy7gY8dHMP9FsJmR3zfr0HvEpDJ_adWBXGi6_1pOdlAOkH_47VT2HQH59zhDTxMstO0z_-q3nXlg9DLVBrWRqDlTcchnSlA=w137-h92-k-no
https://www.google.com/maps/place/%E7%9B%AE%E9%8F%A1%E9%99%B3%E9%BB%9E%E5%BF%83%E6%94%A4/data=!4m7!3m6!1s0x346e7a597f517fb1:0xb1e2760258d321c3!8m2!3d23.0766996!4d120.2926431!16s%2Fg%2F1wc2z_50!19sChIJsX9Rf1l6bjQRwyHTWAJ24rE?authuser=0&hl=zh-TW&rclk=1,目鏡陳點心攤,3.9,$1-200,台灣菜,·,https://lh3.googleusercontent.com/gps-cs-s/AG0ilSzwkr6EZo2ndLbdJZcyqPgHSKXXYpun22Z1dYpXxcKMMr9cWNEU5b4OAA9aulHocGxQoySle-T549QMwo2SCefLY3le4B395e39WRVElmaHGF24oow4CIdze6UHI6T7SbYsAlbq=w122-h92-k-no
https://www.google.com/maps/place/666skr%E5%8C%A0%E5%91%B3%E9%8D%8B%E7%87%92/data=!4m7!3m6!1s0x346e7bd2f80fa67f:0xa3ea3732d7c6e3d8!8m2!3d23.0793225!4d120.2938697!16s%2Fg%2F11h4zn6m6l!19sChIJf6YP-NJ7bjQR2OPG1zI36qM?authuser=0&hl=zh-TW&rclk=1,666skr匠味鍋燒,4.7,$1-200,中國菜,中正路372-5號,https://lh3.googleusercontent.com/gps-cs-s/AG0ilSz3wnyCDrjBzoa8VraREhQntLf-EA7dlh_jTQb5sl93FQJMWwmEdc0ICD4M2rfW9bd933GzFhbP8PLh83Lbz5krSGdalIafb4paE6Akkoaea9oIBYz59q7xBneFepaDpZVdWCFjMQ=w122-h92-k-no
https://www.google.com/maps/place/%E6%96%B0%E5%B8%82%E4%BA%94%E5%85%A9%E5%8D%8A%E8%96%91%E6%AF%8D%E9%B4%A8/data=!4m7!3m6!1s0x346e7afbe1974f97:0x65ea530f74da0f76!8m2!3d23.0813652!4d120.3032859!16s%2Fg%2F11f6kdp5fl!19sChIJl0-X4ft6bjQRdg_adA9T6mU?authuser=0&hl=zh-TW&rclk=1,新市五兩半薑母鴨,4.7,$200-400,火鍋,台南市新市區中山路22號,https://lh3.googleusercontent.com/gps-cs-s/AG0ilSxCPQnyLLQguzzHo0eA5khT_PImdqmdchaPJQCctje5gKBtWR1Qe7c9tdkFGlbEMRa82lHrPUONN3nNc35Ez4oWYAHfhK_QJ_REcC6mEIUq_F1_YzKRUgCmk07I9Lzs_4fwvRYq=w80-h106-k-no
https://www.google.com/maps/place/%E9%AE%AE%E4%BE%86%E7%B2%A5/data=!4m7!3m6!1s0x346e7b8e4c6896e9:0xafa7fca797b8cede!8m2!3d23.0687871!4d120.2913256!16s%2Fg%2F11t1czf8n6!19sChIJ6ZZoTI57bjQR3s64l6f8p68?authuser=0&hl=zh-TW&rclk=1,鮮來粥,4,$1-200,中國菜,仁愛街13號,https://lh3.googleusercontent.com/gps-proxy/ALd4DhGZQHi87YQJrmNBh8FsHmPI_zhAffdUqFv3e_Xsz4k1SLaRzVb8K7AfW4_Oc52WdqosKiMytJle9qnq5LOn9_ZqhjhoDcfc3X7_BNh_9JjrdvjYJynWzoNfd1hTnbFDBGpTxo0qHEOrMnIO1CTvwPW5jBZeKIKX5RNWtNkxH09VJvpQFQWiMGH0EA=w125-h92-k-no
https://www.google.com/maps/place/%E6%B3%B0%E5%9C%8B%E9%A4%90%E5%BB%B3+%28%E0%B8%AD%E0%B8%B2%E0%B8%99%E0%B9%89%E0%B8%AD%E0%B8%A2%E0%B8%84%E0%B8%B2%E0%B8%A3%E0%B8%B2%E0%B9%82%E0%B8%AD%E0%B9%80%E0%B8%81%E0%B8%B0%29/data=!4m7!3m6!1s0x346e7bced86a1657:0x77b8ea6eaf61e5ae!8m2!3d23.0691992!4d120.2916319!16s%2Fg%2F11tf2qsl8_!19sChIJVxZq2M57bjQRruVhr27quHc?authuser=0&hl=zh-TW&rclk=1,泰國餐廳 (อาน้อยคาราโอเกะ),4.8,$1-200,泰國菜,仁愛街23號,https://lh3.googleusercontent.com/gps-cs-s/AG0ilSwMVMogYF9DVB7GP6t5EJ4ZraErcxXbH0yk-GR53SNG3albStDP1SrEUDFjoR1GMrqkjKJ8pH1AQ9E3VVmiWBwaPwr69KM_eLuNMN3ynSm5Hi9YVqHCE48YRxCBJJpQ2L1Pkk9V=w122-h92-k-no
https://www.google.com/maps/place/%E5%B7%9D%E9%86%89%E6%B9%98-%E5%8F%B0%E5%8D%97%E6%96%B0%E5%B8%82%E5%BA%97%28%E7%95%B6%E6%97%A5%E5%94%AE%E5%AE%8C%E7%82%BA%E6%AD%A2%29/data=!4m7!3m6!1s0x346e7b7d953565dd:0xe2d77db4e1b9762!8m2!3d23.0770487!4d120.2950953!16s%2Fg%2F11syz2jbrf!19sChIJ3WU1lX17bjQRYpcbTtt3LQ4?authuser=0&hl=zh-TW&rclk=1,川醉湘-台南新市店(當日售完為止),4.4,$1-200,中菜館,華興街17號,https://lh3.googleusercontent.com/gps-cs-s/AG0ilSykIGc4Rona05X3aHilpWnFvmLAru7R4wYVaO5zMcKmtcj8Fu7rAvihEiJYF8pH_Xvq84jDyoams2RtnzBq3qhgVF49s8i6A4sfKZDNg5k-eKb4HSgov4EQ4MpJhYkim-sxs5Q-=w80-h106-k-no
https://www.google.com/maps/place/%E9%80%B2%E7%A6%8F%E7%82%92%E9%B1%94%E9%AD%9A%E5%B0%88%E5%AE%B6/data=!4m7!3m6!1s0x346e7b83b2149b7f:0x21890da4d719b32b!8m2!3d23.075924!4d120.2917208!16s%2Fg%2F11h0w9phh!19sChIJf5sUsoN7bjQRK7MZ16QNiSE?authuser=0&hl=zh-TW&rclk=1,進福炒鱔魚專家,4.3,$1-200,魚料理餐廳,中正路230號,https://lh3.googleusercontent.com/gps-cs-s/AG0ilSxxIFUzNSbzGO_ICnXbBg8SosXoM8RY0zqXZFZCbX0F4yTPpXCMZp-1KyfsoIKD--7-gCPT3eM3tey9VaVW6rUH52DVtJr6LNxCjsLkZcy0Yh3wOf390gCHAKmYZeZroJV7mVXs=w80-h106-k-no
https://www.google.com/maps/place/%E5%81%A5%E5%BA%B7%E5%B0%8F%E9%A4%A8/data=!4m7!3m6!1s0x346e7b1caab6ef0d:0x9d9a2fc31bd2e3f9!8m2!3d23.0918469!4d120.3090281!16s%2Fg%2F11f5d5wynn!19sChIJDe-2qhx7bjQR-ePSG8Mvmp0?authuser=0&hl=zh-TW&rclk=1,健康小館,4.5,$1-200,餐廳,130-6號,https://lh3.googleusercontent.com/gps-cs-s/AG0ilSxLia3ZYGHIgEZHqvJWEZDYYqddbHgjS-HRdq7FReUmTmimKp85Gn5oI7siO7MMC_l1RswtrCnFGn3LCTzI1Q1HDAPd-8VAIhqhRwqvXZpkH01jbvwitOlqe5nbyDMFL3kVhoC7EQ=w122-h92-k-no
https://www.google.com/maps/place/%E4%BA%AB%E9%8D%8B%E7%87%92/data=!4m7!3m6!1s0x346e7b82ae362577:0x81a1d149a5749893!8m2!3d23.073978!4d120.292525!16s%2Fg%2F11g3ym7996!19sChIJdyU2roJ7bjQRk5h0pUnRoYE?authuser=0&hl=zh-TW&rclk=1,享鍋燒,4.5,$1-200,餐廳,銘傳街17號,https://lh3.googleusercontent.com/gps-cs-s/AG0ilSzFItAkpTI4v4_zdiBfzkLyIzosY5xkC_K6rUid_D68W09fKIMSfnVscJzmwcPmXqrCNkEK_5iECj1ru-B3P-4rvqDGqJgsCHymNsLKefMQLTx9Gobmbuy8AHh616dpx02aHeyqwQ=w122-h92-k-no
